"day_of_week","seller","income"
sunday,Abraham Bennet,379399.7000
sunday,Albert Ringer,536342.2600
sunday,Ann Dull,42675.9400
sunday,Anne Ringer,137618.7900
sunday,Burt Gringlesby,206247.2000
sunday,Charlene Locksley,162757.6100
sunday,Cheryl Carson,143292.6600
sunday,Dean Straight,431381.5700
sunday,Dirk Stringer,1136490.4500
sunday,Heather McBadden,369602.5500
sunday,Innes del Castillo,381991.2700
sunday,Johnson White,210698.6500
sunday,Livia Karsen,180776.1200
sunday,Marjorie Green,292574.3600
sunday,Meander Smith,90331.1600
sunday,Michael O'Leary,174521.7600
sunday,Michel DeFrance,985131.6400
sunday,Morningstar Greene,241116.0200
sunday,Reginald Blotchet-Halls,227298.0000
sunday,Sheryl Hunter,412763.3700
sunday,Stearns MacFeather,53151.3900
sunday,Sylvia Panteley,273880.7600
monday,Abraham Bennet,393483.7400
monday,Albert Ringer,567595.8800
monday,Ann Dull,49518.4900
monday,Anne Ringer,150948.3100
monday,Burt Gringlesby,219944.4000
monday,Charlene Locksley,180614.0700
monday,Cheryl Carson,168756.4200
monday,Dean Straight,468256.0700
monday,Dirk Stringer,1218620.2800
monday,Heather McBadden,408878.3600
monday,Innes del Castillo,415239.9600
monday,Johnson White,225888.4200
monday,Livia Karsen,172805.1100
monday,Marjorie Green,275226.7700
monday,Meander Smith,83995.7400
monday,Michael O'Leary,190240.8200
monday,Michel DeFrance,1114022.0600
monday,Morningstar Greene,251986.0700
monday,Reginald Blotchet-Halls,278981.2000
monday,Sheryl Hunter,426140.8300
monday,Stearns MacFeather,56910.2000
monday,Sylvia Panteley,273722.8100
tuesday,Abraham Bennet,410852.8800
tuesday,Albert Ringer,595125.7400
tuesday,Ann Dull,47400.3400
tuesday,Anne Ringer,154661.1100
tuesday,Burt Gringlesby,208504.8000
tuesday,Charlene Locksley,171699.7100
tuesday,Cheryl Carson,160574.1400
tuesday,Dean Straight,441927.3400
tuesday,Dirk Stringer,1212557.3700
tuesday,Heather McBadden,384917.8800
tuesday,Innes del Castillo,443674.6100
tuesday,Johnson White,236989.4050
tuesday,Livia Karsen,190233.2600
tuesday,Marjorie Green,292322.1100
tuesday,Meander Smith,102192.4500
tuesday,Michael O'Leary,174725.7700
tuesday,Michel DeFrance,1136514.2400
tuesday,Morningstar Greene,262230.6800
tuesday,Reginald Blotchet-Halls,257319.6000
tuesday,Sheryl Hunter,463791.8400
tuesday,Stearns MacFeather,60368.9600
tuesday,Sylvia Panteley,294696.0600
wednesday,Abraham Bennet,362645.3200
wednesday,Albert Ringer,573594.5200
wednesday,Ann Dull,44449.3600
wednesday,Anne Ringer,129534.4300
wednesday,Burt Gringlesby,220962.0000
wednesday,Charlene Locksley,172540.4200
wednesday,Cheryl Carson,141357.4800
wednesday,Dean Straight,407394.0900
wednesday,Dirk Stringer,1045970.4300
wednesday,Heather McBadden,350874.1800
wednesday,Innes del Castillo,393498.9100
wednesday,Johnson White,210704.2850
wednesday,Livia Karsen,203183.3200
wednesday,Marjorie Green,271716.9100
wednesday,Meander Smith,79687.5500
wednesday,Michael O'Leary,184722.4600
wednesday,Michel DeFrance,1041808.7200
wednesday,Morningstar Greene,218801.7000
wednesday,Reginald Blotchet-Halls,222374.8000
wednesday,Sheryl Hunter,382910.6100
wednesday,Stearns MacFeather,52338.6600
wednesday,Sylvia Panteley,237375.9600
thursday,Abraham Bennet,372704.7600
thursday,Albert Ringer,579699.9300
thursday,Ann Dull,45762.8600
thursday,Anne Ringer,156713.7200
thursday,Burt Gringlesby,193421.6000
thursday,Charlene Locksley,168566.0000
thursday,Cheryl Carson,161457.6400
thursday,Dean Straight,434418.4300
thursday,Dirk Stringer,1096336.7100
thursday,Heather McBadden,413198.5100
thursday,Innes del Castillo,404378.6200
thursday,Johnson White,221968.4900
thursday,Livia Karsen,218570.9600
thursday,Marjorie Green,265257.6500
thursday,Meander Smith,90749.6400
thursday,Michael O'Leary,179065.7100
thursday,Michel DeFrance,1150246.1000
thursday,Morningstar Greene,237407.1500
thursday,Reginald Blotchet-Halls,256994.2000
thursday,Sheryl Hunter,405553.1500
thursday,Stearns MacFeather,48057.8100
thursday,Sylvia Panteley,262839.3900
friday,Abraham Bennet,378375.6500
friday,Albert Ringer,510243.9300
friday,Ann Dull,46564.4700
friday,Anne Ringer,145035.5200
friday,Burt Gringlesby,200244.4000
friday,Charlene Locksley,162856.4900
friday,Cheryl Carson,166572.3200
friday,Dean Straight,407052.1800
friday,Dirk Stringer,1079440.2600
friday,Heather McBadden,346569.5700
friday,Innes del Castillo,365884.4700
friday,Johnson White,212948.6800
friday,Livia Karsen,224003.5300
friday,Marjorie Green,280760.2100
friday,Meander Smith,85470.5300
friday,Michael O'Leary,194955.9700
friday,Michel DeFrance,1108824.0600
friday,Morningstar Greene,214504.6800
friday,Reginald Blotchet-Halls,258529.4000
friday,Sheryl Hunter,443753.4300
friday,Stearns MacFeather,55240.1800
friday,Sylvia Panteley,264178.0900
saturday,Abraham Bennet,364206.4000
saturday,Albert Ringer,513523.5300
saturday,Ann Dull,46867.7000
saturday,Anne Ringer,137206.8500
saturday,Burt Gringlesby,199300.0000
saturday,Charlene Locksley,166087.6400
saturday,Cheryl Carson,155666.5800
saturday,Dean Straight,419976.2000
saturday,Dirk Stringer,1134693.2400
saturday,Heather McBadden,366761.7300
saturday,Innes del Castillo,380523.9400
saturday,Johnson White,221036.5200
saturday,Livia Karsen,185849.4000
saturday,Marjorie Green,273880.5100
saturday,Meander Smith,84972.5600
saturday,Michael O'Leary,180744.9000
saturday,Michel DeFrance,1081087.3000
saturday,Morningstar Greene,246608.9200
saturday,Reginald Blotchet-Halls,252926.0000
saturday,Sheryl Hunter,405326.0500
saturday,Stearns MacFeather,55762.1800
saturday,Sylvia Panteley,254487.0400
